{
  "runs": 300,
  "buffs": [
    1,
    1.3,
    1.5,
    1.7,
    2
  ],
  "grid": {
    "Live Anchor": [
      0.07,
      0.2,
      0.3466666666666667,
      0.6566666666666666,
      0.95
    ],
    "Balanced": [
      0.013333333333333334,
      0.02,
      0.03,
      0.03666666666666667,
      0.056666666666666664
    ],
    "Tank Heavy": [
      0.016666666666666666,
      0.02,
      0.03333333333333333,
      0.07,
      0.09666666666666666
    ],
    "Glass Cannon": [
      0.9033333333333333,
      0.9033333333333333,
      0.9033333333333333,
      0.9033333333333333,
      0.9033333333333333
    ]
  }
}
