{
  "runs": 300,
  "supAtk": [
    1,
    1.5,
    2,
    2.5,
    3
  ],
  "grid": {
    "Live Anchor": [
      0.07,
      0.06333333333333334,
      0.19333333333333333,
      0.20666666666666667,
      0.7666666666666667
    ],
    "Balanced": [
      0.0033333333333333335,
      0.013333333333333334,
      0.016666666666666666,
      0.056666666666666664,
      0.37666666666666665
    ],
    "Tank Heavy": [
      0.016666666666666666,
      0.02666666666666667,
      0.023333333333333334,
      0.47,
      0.67
    ],
    "Best Guess": [
      0.04666666666666667,
      0.04,
      0.03666666666666667,
      0.03333333333333333,
      0.03
    ],
    "Glass Cannon": [
      0.9366666666666666,
      0.9366666666666666,
      0.9366666666666666,
      0.9366666666666666,
      0.9366666666666666
    ]
  }
}
