{
  "runs": 300,
  "tempos": [
    1,
    1.15,
    1.25,
    1.35,
    1.5
  ],
  "grid": {
    "Live Anchor": [
      0.07,
      0.13666666666666666,
      0.19,
      0.26666666666666666,
      0.37333333333333335
    ],
    "Balanced": [
      0.0033333333333333335,
      0.03,
      0.05,
      0.05,
      0.09666666666666666
    ],
    "Tank Heavy": [
      0.016666666666666666,
      0.04666666666666667,
      0.06666666666666667,
      0.11,
      0.11
    ],
    "Glass Cannon": [
      0.93,
      0.93,
      0.93,
      0.93,
      0.93
    ],
    "Control": [
      0.9933333333333333,
      0.9933333333333333,
      0.9933333333333333,
      0.9933333333333333,
      0.9933333333333333
    ],
    "Striker Rush": [
      0.8833333333333333,
      0.8833333333333333,
      0.8833333333333333,
      0.8833333333333333,
      0.8833333333333333
    ]
  }
}
