{
  "runs": 300,
  "marks": [
    0,
    1,
    2,
    3,
    4
  ],
  "grid": {
    "Live Anchor": [
      0.07,
      0.07,
      0.07666666666666666,
      0.13,
      0.16666666666666666
    ],
    "Balanced": [
      0.0033333333333333335,
      0.01,
      0.013333333333333334,
      0.03333333333333333,
      0.03666666666666667
    ],
    "Tank Heavy": [
      0.016666666666666666,
      0.043333333333333335,
      0.03666666666666667,
      0.04,
      0.043333333333333335
    ],
    "Best Guess": [
      0.04666666666666667,
      0.04666666666666667,
      0.04666666666666667,
      0.04666666666666667,
      0.04666666666666667
    ],
    "Glass Cannon": [
      0.9033333333333333,
      0.9033333333333333,
      0.9033333333333333,
      0.9033333333333333,
      0.9033333333333333
    ]
  }
}
